-- Adminer 4.5.0 MySQL dump

SET NAMES utf8;
SET time_zone = '+00:00';
SET foreign_key_checks = 0;
SET sql_mode = 'NO_AUTO_VALUE_ON_ZERO';

DROP TABLE IF EXISTS `CASERNE`;
CREATE TABLE `CASERNE` (
  `CIS_ID` int(11) NOT NULL,
  `CIS_NOM` varchar(60) NOT NULL,
  PRIMARY KEY (`CIS_ID`)
) ENGINE=InnoDB DEFAULT CHARSET=utf8;

INSERT INTO `CASERNE` (`CIS_ID`, `CIS_NOM`) VALUES
(0,	'BREST'),
(1,	'CAMARET'),
(2,	'CROZON'),
(3,	'OUESSANT'),
(4,	'LANDERNEAU'),
(5,	'LANNILIS'),
(6,	'LE FAOU'),
(7,	'LESNEVEN'),
(8,	'PLABENNEC'),
(9,	'PLOUDALMEZEAU'),
(10,	'PLOUGUERNEAU'),
(11,	'SAINT RENAN'),
(12,	'CHATEAULIN'),
(13,	'BANNALEC'),
(14,	'CLOHARS CARNOET'),
(15,	'CONCARNEAU'),
(16,	'CORAY'),
(17,	'ELLIANT'),
(18,	'LEUHAN'),
(19,	'MELGVEN'),
(20,	'MOELAN SUR MER'),
(21,	'PONT AVEN'),
(22,	'QUERRIEN'),
(23,	'QUIMPERLE'),
(24,	'RIEC SUR BELON'),
(25,	'ROSPORDEN'),
(26,	'SAINT THURIEN'),
(27,	'SCAER'),
(28,	'MORLAIX'),
(29,	'BRASPARTS'),
(30,	'CARHAIX'),
(31,	'GUERLESQUIN'),
(32,	'HUELGOAT'),
(33,	'ILE DE BATZ'),
(34,	'LANDIVISIAU'),
(35,	'LANMEUR'),
(36,	'PLOUESCAT'),
(37,	'PLOUGONVEN'),
(38,	'SAINT THEGONNEC'),
(39,	'SAINT POL DE LEON'),
(40,	'SIZUN'),
(41,	'CHATEAUNEUF DU FAOU'),
(42,	'PLEYBEN'),
(43,	'SAINT GOAZEC'),
(44,	'SPEZET'),
(45,	'QUIMPER'),
(46,	'BENODET'),
(47,	'BRIEC DE L\'ODET'),
(48,	'AUDIERNE'),
(49,	'PONT-CROIX'),
(50,	'CAP SIZUN-ILE DE SEIN'),
(51,	'DOUARNENEZ'),
(52,	'FOUESNANT'),
(53,	'LE GUILVINEC'),
(54,	'LOCTUDY'),
(55,	'PENMARC\'H'),
(56,	'PLOBANNALEC'),
(57,	'PLOEMEUR'),
(58,	'PLONEOUR LANVERN'),
(59,	'PLOZEVET'),
(60,	'PONT L\'ABBE'),
(61,	'POULDREUZIC'),
(62,	'TREGOUREZ')
ON DUPLICATE KEY UPDATE `CIS_ID` = VALUES(`CIS_ID`), `CIS_NOM` = VALUES(`CIS_NOM`);

DROP TABLE IF EXISTS `EXERCER`;
CREATE TABLE `EXERCER` (
  `SP_MATRICULE` varchar(7) NOT NULL,
  `FCT_ID` char(15) NOT NULL,
  PRIMARY KEY (`SP_MATRICULE`,`FCT_ID`),
  KEY `I_FK_EXERCER_POMPIER` (`SP_MATRICULE`),
  KEY `I_FK_EXERCER_FONCTION` (`FCT_ID`),
  CONSTRAINT `FK_EXERCER_FONCTION` FOREIGN KEY (`FCT_ID`) REFERENCES `FONCTION` (`FCT_ID`),
  CONSTRAINT `FK_EXERCER_POMPIER` FOREIGN KEY (`SP_MATRICULE`) REFERENCES `POMPIER` (`SP_MATRICULE`)
) ENGINE=InnoDB DEFAULT CHARSET=utf8;


DROP TABLE IF EXISTS `FONCTION`;
CREATE TABLE `FONCTION` (
  `FCT_ID` char(15) NOT NULL,
  `FCT_LIBELLE` varchar(60) NOT NULL,
  PRIMARY KEY (`FCT_ID`)
) ENGINE=InnoDB DEFAULT CHARSET=utf8;

INSERT INTO `FONCTION` (`FCT_ID`, `FCT_LIBELLE`) VALUES
('CA',	'Chef d/agr'),
('CE',	'Chef d\'équipe'),
('COND',	'Conducteur'),
('EQU',	'Equipier')
ON DUPLICATE KEY UPDATE `FCT_ID` = VALUES(`FCT_ID`), `FCT_LIBELLE` = VALUES(`FCT_LIBELLE`);

DROP TABLE IF EXISTS `FORMATION`;
CREATE TABLE `FORMATION` (
  `FOR_ID` varchar(32) NOT NULL,
  `FCT_ID` char(15) DEFAULT NULL,
  `FOR_LIBELLE` varchar(32) NOT NULL,
  `FOR_DTE_DEBUT` date NOT NULL,
  `FOR_DTE_FIN` date NOT NULL,
  `FOR_CAPACITE` smallint(6) NOT NULL,
  `FOR_SALLE` varchar(32) DEFAULT NULL,
  `FOR_ADRESSE` varchar(120) DEFAULT NULL,
  `FOR_CP` varchar(5) DEFAULT NULL,
  `FOR_VILLE` varchar(60) NOT NULL,
  `FOR_DESCRIPTION` varchar(255) DEFAULT NULL,
  PRIMARY KEY (`FOR_ID`),
  KEY `I_FK_FORMATION_FONCTION` (`FCT_ID`),
  CONSTRAINT `FK_FORMATION_FONCTION` FOREIGN KEY (`FCT_ID`) REFERENCES `FONCTION` (`FCT_ID`)
) ENGINE=InnoDB DEFAULT CHARSET=utf8;

INSERT INTO `FORMATION` (`FOR_ID`, `FCT_ID`, `FOR_LIBELLE`, `FOR_DTE_DEBUT`, `FOR_DTE_FIN`, `FOR_CAPACITE`, `FOR_SALLE`, `FOR_ADRESSE`, `FOR_CP`, `FOR_VILLE`, `FOR_DESCRIPTION`) VALUES
('CYN 1',	'EQU',	'conducteur de chiens de decombre',	'2014-10-12',	'2014-11-03',	20,	'C3',	'9 RUE DE OUESSANT',	'29200',	'BREST',	'conducteur de chiens de decombres et de recherche de personnes'),
('CYN 2',	'CE',	'chef d\'unite chiens de decombres',	'2014-10-12',	'2014-11-06',	15,	'A1',	'7 RUE DE BREST',	'29200',	'BREST',	'chef d\'unite chiens de decombres et de recherche de personnes'),
('CYN 3',	'EQU',	'conseiller technique departement',	'2014-07-19',	'2014-07-26',	10,	'C3',	'9 RUE DE OUESSANT',	'29200',	'BREST',	'conseiller technique departemental chiens de decombres et de recherche de personnes'),
('FDF1',	'CE',	'Equipier Feux de Forets.',	'2014-11-15',	'2014-11-21',	13,	'A1',	'49 RUE JULES LESVEN',	'29200',	'BREST',	'Equipier Feux de Forets.'),
('FDF2',	'CE',	'Chefs dagres Feux de Forets.',	'2014-11-02',	'2014-11-09',	14,	'A1',	'7 RUE NOMINOE',	'29200',	'BREST',	'Chefs dagres Feux de Forets.'),
('FDF3',	'CE',	'Chefs de groupe Feux de Forets.',	'2014-11-19',	'2014-11-21',	11,	'A2',	'7 RUE DE BREST',	'29200',	'BREST',	'Chefs de groupe Feux de Forets.'),
('FDF4',	'CA',	'Chefs de colonne Feux de Forets.',	'2014-09-15',	'2014-09-22',	15,	'A2',	'7 RUE DE BREST',	'29200',	'BREST',	'Chefs de colonne Feux de Forets.'),
('FDF5',	'CA',	'Chefs de site Feux de Forets.',	'2014-11-12',	'2014-11-26',	16,	'B4',	'10 RUE DONART',	'29200',	'BREST',	'Chefs de site Feux de Forets.'),
('UV1.1',	'EQU',	'equipier prompt secours',	'2014-11-14',	'2014-11-15',	15,	'B4',	'7 RUE DE BREST',	'29200',	'BREST',	'equipier prompt secours'),
('UV1.2',	'EQU',	'moyens radio',	'2014-11-12',	'2014-11-21',	16,	'A1',	'7 RUE DE BREST',	'29200',	'BREST',	'moyens radio'),
('UV1.3',	'CE',	'preservation du potentiel physiq',	'2014-11-12',	'2014-11-21',	19,	'A2',	'7 RUE DE BREST',	'29200',	'BREST',	'preservation du potentiel physique et psychologique'),
('UV1.4',	'CA',	'organisation et missions du SDIS',	'2014-11-12',	'2014-11-21',	17,	'C3',	'9 RUE DES SER',	'29200',	'BREST',	'organisation et missions du SDIS'),
('UV2.1',	'EQU',	'equipier au VSAV',	'2014-11-12',	'2014-11-21',	16,	'A1',	'7 RUE NOMINOE',	'29200',	'BREST',	'equipier au VSAV'),
('UV3.1',	'EQU',	'equipier secours routier',	'2014-11-12',	'2014-11-21',	12,	'D4',	'49 RUE JULES LESVEN',	'29200',	'BREST',	'equipier secours routier'),
('UV4.1',	'CA',	'protection individuelle et colle',	'2014-09-29',	'2014-10-21',	9,	'D4',	'45 BOULEVARD LEON BLUM',	'29200',	'BREST',	'protection individuelle et collective'),
('UV4.2',	'EQU',	'sauvetages et mises en s袵rite',	'2014-05-12',	'2014-06-21',	8,	'D4',	'34 RUE JEAN JAURES',	'29200',	'BREST',	'sauvetages et mises en s袵rite'),
('UV4.3',	'EQU',	'alimentation, etablissements, ex',	'2014-07-10',	'2014-08-10',	7,	'A1',	'9 IMPASSE DE JEAN',	'29200',	'BREST',	'alimentation, etablissements, extinction'),
('UV4.4',	'COND',	'moyens elevateurs aeriens',	'2014-09-12',	'2014-10-02',	5,	'C3',	'9 RUE DE LEAIR',	'29200',	'BREST',	'moyens elevateurs aeriens'),
('UV5.1',	'EQU',	'interventions diverses',	'2014-11-12',	'2014-11-21',	22,	'A2',	'10 RUE DONART',	'29200',	'BREST',	'interventions diverses'),
('UV5.2',	'EQU',	'interventions animalieres',	'2014-02-01',	'2014-02-17',	18,	'B4',	'7 RUE DES ANIMAUX',	'29200',	'BREST',	'interventions animalieres')
ON DUPLICATE KEY UPDATE `FOR_ID` = VALUES(`FOR_ID`), `FCT_ID` = VALUES(`FCT_ID`), `FOR_LIBELLE` = VALUES(`FOR_LIBELLE`), `FOR_DTE_DEBUT` = VALUES(`FOR_DTE_DEBUT`), `FOR_DTE_FIN` = VALUES(`FOR_DTE_FIN`), `FOR_CAPACITE` = VALUES(`FOR_CAPACITE`), `FOR_SALLE` = VALUES(`FOR_SALLE`), `FOR_ADRESSE` = VALUES(`FOR_ADRESSE`), `FOR_CP` = VALUES(`FOR_CP`), `FOR_VILLE` = VALUES(`FOR_VILLE`), `FOR_DESCRIPTION` = VALUES(`FOR_DESCRIPTION`);

DROP TABLE IF EXISTS `GRADE`;
CREATE TABLE `GRADE` (
  `GRA_ID` char(4) NOT NULL,
  `GRA_LIBELLE` varchar(32) NOT NULL,
  PRIMARY KEY (`GRA_ID`)
) ENGINE=InnoDB DEFAULT CHARSET=utf8;

INSERT INTO `GRADE` (`GRA_ID`, `GRA_LIBELLE`) VALUES
('ADJ',	'Adjudant'),
('AJC',	'Adjudant Chef'),
('CAP',	'Capitaine'),
('CAPC',	'Caporal Chef'),
('COL',	'Colonel'),
('COM',	'Commandant'),
('LCOL',	'Lieutenant Colonel'),
('LTN',	'Lieutenant'),
('MAJ',	'Major'),
('SAP1',	'Sapeur 1 classe'),
('SRG',	'Sergent'),
('SRGC',	'Sergent chef')
ON DUPLICATE KEY UPDATE `GRA_ID` = VALUES(`GRA_ID`), `GRA_LIBELLE` = VALUES(`GRA_LIBELLE`);

DROP TABLE IF EXISTS `INSCRIRE`;
CREATE TABLE `INSCRIRE` (
  `SP_MATRICULE` varchar(7) NOT NULL,
  `FOR_ID` varchar(32) NOT NULL,
  PRIMARY KEY (`SP_MATRICULE`,`FOR_ID`),
  KEY `I_FK_INSCRIRE_POMPIER` (`SP_MATRICULE`),
  KEY `I_FK_INSCRIRE_FORMATION` (`FOR_ID`),
  CONSTRAINT `FK_INSCRIRE_FORMATION` FOREIGN KEY (`FOR_ID`) REFERENCES `FORMATION` (`FOR_ID`),
  CONSTRAINT `FK_INSCRIRE_POMPIER` FOREIGN KEY (`SP_MATRICULE`) REFERENCES `POMPIER` (`SP_MATRICULE`)
) ENGINE=InnoDB DEFAULT CHARSET=utf8;

INSERT INTO `INSCRIRE` (`SP_MATRICULE`, `FOR_ID`) VALUES
('0',	'FDF4'),
('1',	'CYN 1'),
('10',	'FDF3'),
('10',	'UV1.4')
ON DUPLICATE KEY UPDATE `SP_MATRICULE` = VALUES(`SP_MATRICULE`), `FOR_ID` = VALUES(`FOR_ID`);

DROP TABLE IF EXISTS `LOGIN`;
CREATE TABLE `LOGIN` (
  `LOG_LOGIN` varchar(32) NOT NULL,
  `SP_MATRICULE` varchar(7) NOT NULL,
  `LOG_MDP` varchar(32) NOT NULL,
  `LOG_NOM` varchar(60) NOT NULL,
  `LOG_PRENOM` varchar(60) DEFAULT NULL,
  `LOG_PROFIL` varchar(3) NOT NULL,
  PRIMARY KEY (`LOG_LOGIN`),
  KEY `I_FK_LOGIN_POMPIER` (`SP_MATRICULE`),
  CONSTRAINT `FK_LOGIN_POMPIER` FOREIGN KEY (`SP_MATRICULE`) REFERENCES `POMPIER` (`SP_MATRICULE`)
) ENGINE=InnoDB DEFAULT CHARSET=utf8;

INSERT INTO `LOGIN` (`LOG_LOGIN`, `SP_MATRICULE`, `LOG_MDP`, `LOG_NOM`, `LOG_PRENOM`, `LOG_PROFIL`) VALUES
('Adam',	'99',	'Password',	'Adam',	'Val?rie',	'SF'),
('Andre',	'44',	'Password',	'Andre',	'M?lissa',	'CTA'),
('Barbier',	'84',	'Password',	'Barbier',	'Guillemette',	'SP'),
('Bernard',	'2',	'Password',	'Bernard',	'Kimberley',	'SP'),
('Bertrand',	'32',	'Password',	'Bertrand',	'Justine',	'SP'),
('Blanc',	'9',	'Password',	'Blanc',	'Clara',	'SP'),
('Blanchard',	'80',	'Password',	'Blanchard',	'Ma?l?',	'SP'),
('Bonnet',	'53',	'Password',	'Bonnet',	'Nina',	'SP'),
('Bourgeois',	'59',	'Password',	'Bourgeois',	'Valentine',	'SP'),
('Boyer',	'49',	'Password',	'Boyer',	'Marion',	'SP'),
('Brun',	'86',	'Password',	'Brun',	'Lamia',	'SP'),
('Brunet',	'90',	'Password',	'Brunet',	'Fran?oise',	'SP'),
('Charles',	'89',	'Password',	'Charles',	'Clotilde',	'SP'),
('Chevalier',	'37',	'Password',	'Chevalier',	'Alice',	'SP'),
('Clement',	'27',	'Password',	'Clement',	'Zo?',	'SP'),
('Colin',	'96',	'Password',	'Colin',	'Rose',	'SP'),
('Da silva',	'83',	'Password',	'Da silva',	'Rosalie',	'SP'),
('David',	'30',	'Password',	'David',	'?milie',	'SP'),
('Dubois',	'4',	'Password',	'Dubois',	'Eva',	'SP'),
('Dufour',	'78',	'Password',	'Dufour',	'Sara',	'SP'),
('Dumas',	'88',	'Password',	'Dumas',	'Tatiana',	'SP'),
('Dumont',	'31',	'Password',	'Dumont',	'Louna',	'SP'),
('Dupont',	'50',	'Password',	'Dupont',	'Anna',	'SP'),
('Dupuis',	'77',	'Password',	'Dupuis',	'Salom?',	'SP'),
('Durand',	'14',	'Password',	'Durand',	'Romane',	'SP'),
('Duval',	'54',	'Password',	'Duval',	'Margot',	'SP'),
('Fabre',	'75',	'Password',	'Fabre',	'Am?lie',	'SP'),
('Faure',	'5',	'Password',	'Faure',	'Lola',	'SP'),
('Fernandez',	'98',	'Password',	'Fernandez',	'Claudie',	'SP'),
('Fontaine',	'35',	'Password',	'Fontaine',	'Pauline',	'SP'),
('Fournier',	'38',	'Password',	'Fournier',	'No?mie',	'SP'),
('Francois',	'55',	'Password',	'Francois',	'Ma?lle',	'SP'),
('Gaillard',	'67',	'Password',	'Gaillard',	'Amandine',	'SP'),
('Garcia',	'28',	'Password',	'Garcia',	'Maelys',	'SP'),
('Garnier',	'3',	'Password',	'Garnier',	'Ana?s',	'SP'),
('Gauthier',	'29',	'Password',	'Gauthier',	'Cl?mence',	'SP'),
('Gerard',	'45',	'Password',	'Gerard',	'Lily',	'SP'),
('Girard',	'42',	'Password',	'Girard',	'Lina',	'SP'),
('Guerin',	'11',	'Password',	'Guerin',	'Lucie',	'SP'),
('Guillaume',	'97',	'Password',	'Guillaume',	'H?l?ne',	'SP'),
('Guillot',	'91',	'Password',	'Guillot',	'Y?na',	'SP'),
('Henry',	'15',	'Password',	'Henry',	'Emma',	'SP'),
('Hubert',	'85',	'Password',	'Hubert',	'Catherine',	'SP'),
('Jean',	'72',	'Password',	'Jean',	'Capucine',	'SP'),
('Joly',	'56',	'Password',	'Joly',	'Alexia',	'SP'),
('Lacroix',	'73',	'Password',	'Lacroix',	'Yasmine',	'SP'),
('Lambert',	'51',	'Password',	'Lambert',	'L?onie',	'SP'),
('Laurent',	'22',	'Password',	'Laurent',	'Julie',	'SP'),
('Le gall',	'95',	'Password',	'Le gall',	'Nathalie',	'SP'),
('Leclercq',	'71',	'Password',	'Leclercq',	'L?ane',	'SP'),
('Lefebvre',	'24',	'Password',	'Lefebvre',	'Lisa',	'SP'),
('Lefevre',	'46',	'Password',	'Lefevre',	'Lana',	'SP'),
('Legrand',	'1',	'Password',	'Legrand',	'Maryam',	'SP'),
('Lemaire',	'52',	'Password',	'Lemaire',	'M?lanie',	'SP'),
('Lemoine',	'63',	'Password',	'Lemoine',	'?lo?se',	'SP'),
('Leroux',	'94',	'Password',	'Leroux',	'Syrine',	'SP'),
('Leroy',	'16',	'Password',	'Leroy',	'Manon',	'SP'),
('Lopez',	'33',	'Password',	'Lopez',	'?lisa',	'SP'),
('Louis',	'87',	'Password',	'Louis',	'Edwige',	'SP'),
('Lucas',	'68',	'Password',	'Lucas',	'Clo?',	'SP'),
('Marchand',	'76',	'Password',	'Marchand',	'?lise',	'SP'),
('Marie',	'82',	'Password',	'Marie',	'Katell',	'SP'),
('Martin',	'0',	'Password',	'Martin',	'Ana?l',	'SP'),
('Martinez',	'57',	'Password',	'Martinez',	'Alicia',	'SP'),
('Masson',	'41',	'Password',	'Masson',	'Lou',	'SP'),
('Mathieu',	'25',	'Password',	'Mathieu',	'Louise',	'SP'),
('Mercier',	'48',	'Password',	'Mercier',	'Solene',	'SP'),
('Meunier',	'70',	'Password',	'Meunier',	'Carla',	'SP'),
('Meyer',	'66',	'Password',	'Meyer',	'Julia',	'SP'),
('Michel',	'26',	'Password',	'Michel',	'Mathilde',	'SP'),
('Moreau',	'18',	'Password',	'Moreau',	'Ambre',	'SP'),
('Morel',	'40',	'Password',	'Morel',	'Laura',	'SP'),
('Morin',	'23',	'Password',	'Morin',	'Ma?wenn',	'SP'),
('Muller',	'13',	'Password',	'Muller',	'Jade',	'SP'),
('Nguyen',	'47',	'Password',	'Nguyen',	'Lena',	'SP'),
('Nicolas',	'19',	'Password',	'Nicolas',	'Lilou',	'SP'),
('Noel',	'64',	'Password',	'Noel',	'?l?na',	'SP'),
('Olivier',	'79',	'Password',	'Olivier',	'Jasmine',	'SP'),
('Perez',	'74',	'Password',	'Perez',	'Angelina',	'SP'),
('Perrin',	'21',	'Password',	'Perrin',	'In?s',	'SP'),
('Petit',	'12',	'Password',	'Petit',	'Sarah',	'SP'),
('Philippe',	'69',	'Password',	'Philippe',	'Elsa',	'SP'),
('Picard',	'65',	'Password',	'Picard',	'Fanny',	'SP'),
('Renaud',	'61',	'Password',	'Renaud',	'Loane',	'SP'),
('Richard',	'10',	'Password',	'Richard',	'Juliette',	'SP'),
('Riviere',	'93',	'Password',	'Riviere',	'Alexandra',	'SP'),
('Robert',	'8',	'Password',	'Robert',	'Chlo?',	'SP'),
('Robin',	'39',	'Password',	'Robin',	'Charlotte',	'SP'),
('Roche',	'60',	'Password',	'Roche',	'Candice',	'SP'),
('Rodriguez',	'81',	'Password',	'Rodriguez',	'Lauriane',	'SP'),
('Roger',	'58',	'Password',	'Roger',	'Marine',	'SP'),
('Rousseau',	'7',	'Password',	'Rousseau',	'L?a',	'SP'),
('Roussel',	'17',	'Password',	'Roussel',	'Agathe',	'SP'),
('Roux',	'34',	'Password',	'Roux',	'C?lia',	'SP'),
('Roy',	'62',	'Password',	'Roy',	'Margaux',	'SP'),
('Sanchez',	'43',	'Password',	'Sanchez',	'Jeanne',	'SP'),
('Schmitt',	'92',	'Password',	'Schmitt',	'Lut?cia',	'SP'),
('Simon',	'20',	'Password',	'Simon',	'Oc?ane',	'SP'),
('Thomas',	'6',	'Password',	'Thomas',	'Marie',	'SP'),
('Vincent',	'36',	'Password',	'Vincent',	'Ma?va',	'SP')
ON DUPLICATE KEY UPDATE `LOG_LOGIN` = VALUES(`LOG_LOGIN`), `SP_MATRICULE` = VALUES(`SP_MATRICULE`), `LOG_MDP` = VALUES(`LOG_MDP`), `LOG_NOM` = VALUES(`LOG_NOM`), `LOG_PRENOM` = VALUES(`LOG_PRENOM`), `LOG_PROFIL` = VALUES(`LOG_PROFIL`);

DROP TABLE IF EXISTS `POMPIER`;
CREATE TABLE `POMPIER` (
  `SP_MATRICULE` varchar(7) NOT NULL,
  `GRA_ID` char(4) DEFAULT NULL,
  `CIS_ID` int(11) DEFAULT NULL,
  `SP_NOM` varchar(60) NOT NULL,
  `SP_PRENOM` varchar(60) NOT NULL,
  `SP_DTE_NAISSANCE` date NOT NULL,
  `SP_TEL_FIXE` varchar(10) DEFAULT NULL,
  `SP_TEL_PORTABLE` varchar(10) NOT NULL,
  `SP_BIP` varchar(8) NOT NULL,
  `SP_STATUT` varchar(15) NOT NULL,
  `SP_DTE_MAJ` date NOT NULL,
  `DATE_PROMOTION` date DEFAULT NULL,
  `DATE_AFFECTATION` date DEFAULT NULL,
  PRIMARY KEY (`SP_MATRICULE`),
  KEY `I_FK_POMPIER_GRADE` (`GRA_ID`),
  KEY `I_FK_POMPIER_CASERNE` (`CIS_ID`),
  CONSTRAINT `FK_POMPIER_CASERNE` FOREIGN KEY (`CIS_ID`) REFERENCES `CASERNE` (`CIS_ID`),
  CONSTRAINT `FK_POMPIER_GRADE` FOREIGN KEY (`GRA_ID`) REFERENCES `GRADE` (`GRA_ID`)
) ENGINE=InnoDB DEFAULT CHARSET=utf8;

INSERT INTO `POMPIER` (`SP_MATRICULE`, `GRA_ID`, `CIS_ID`, `SP_NOM`, `SP_PRENOM`, `SP_DTE_NAISSANCE`, `SP_TEL_FIXE`, `SP_TEL_PORTABLE`, `SP_BIP`, `SP_STATUT`, `SP_DTE_MAJ`, `DATE_PROMOTION`, `DATE_AFFECTATION`) VALUES
('0',	'SAP1',	1,	'Martin',	'Anael',	'2002-06-30',	'298664412',	'741632303',	'324',	'V',	'0000-00-00',	'0000-00-00',	'0000-00-00'),
('1',	'SAP1',	1,	'Legrand',	'Maryam',	'2002-07-12',	'298235757',	'763707326',	'383',	'V',	'0000-00-00',	'0000-00-00',	'0000-00-00'),
('10',	'SAP1',	3,	'Richard',	'Juliette',	'2002-07-09',	'298222631',	'603491406',	'198',	'V',	'0000-00-00',	'0000-00-00',	'0000-00-00'),
('11',	'SAP1',	3,	'Guerin',	'Lucie',	'1999-08-11',	'298471767',	'650642868',	'935',	'V',	'0000-00-00',	'0000-00-00',	'0000-00-00'),
('12',	'SAP1',	3,	'Petit',	'Sarah',	'1999-06-30',	'298787223',	'759234325',	'253',	'V',	'0000-00-00',	'0000-00-00',	'0000-00-00'),
('13',	'SAP1',	4,	'Muller',	'Jade',	'1999-07-12',	'298443145',	'617557256',	'767',	'V',	'0000-00-00',	'0000-00-00',	'0000-00-00'),
('14',	'SAP1',	4,	'Durand',	'Romane',	'1998-08-31',	'298768968',	'771355607',	'202',	'V',	'0000-00-00',	'0000-00-00',	'0000-00-00'),
('15',	'SAP1',	4,	'Henry',	'Emma',	'1998-06-30',	'298597086',	'774128866',	'945',	'V',	'0000-00-00',	'0000-00-00',	'0000-00-00'),
('16',	'SAP1',	4,	'Leroy',	'Manon',	'1998-12-12',	'298989302',	'606331774',	'803',	'V',	'0000-00-00',	'0000-00-00',	'0000-00-00'),
('17',	'SAP1',	4,	'Roussel',	'Agathe',	'1997-01-31',	'298364246',	'701348119',	'260',	'V',	'0000-00-00',	'0000-00-00',	'0000-00-00'),
('18',	'SAP1',	5,	'Moreau',	'Ambre',	'2003-04-30',	'298132757',	'721215685',	'127',	'V',	'0000-00-00',	'0000-00-00',	'0000-00-00'),
('19',	'SAP1',	5,	'Nicolas',	'Lilou',	'1994-09-12',	'298985422',	'614761840',	'445',	'V',	'0000-00-00',	'0000-00-00',	'0000-00-00'),
('2',	'SAP1',	1,	'Bernard',	'Kimberley',	'2001-08-31',	'298542957',	'648467121',	'690',	'V',	'0000-00-00',	'0000-00-00',	'0000-00-00'),
('20',	'SAP1',	5,	'Simon',	'Oceane',	'1988-08-07',	'298386919',	'659288185',	'460',	'V',	'0000-00-00',	'0000-00-00',	'0000-00-00'),
('21',	'SAP1',	5,	'Perrin',	'In?s',	'2011-06-02',	'298496577',	'753641770',	'688',	'V',	'0000-00-00',	'0000-00-00',	'0000-00-00'),
('22',	'SAP1',	5,	'Laurent',	'Julie',	'2013-01-02',	'298424772',	'711086416',	'505',	'V',	'0000-00-00',	'0000-00-00',	'0000-00-00'),
('23',	'SAP1',	6,	'Morin',	'Maiwenn',	'2012-08-11',	'298595302',	'799715476',	'584',	'V',	'0000-00-00',	'0000-00-00',	'0000-00-00'),
('24',	'SAP1',	6,	'Lefebvre',	'Lisa',	'2002-06-30',	'298336782',	'753509245',	'455',	'V',	'0000-00-00',	'0000-00-00',	'0000-00-00'),
('25',	'SAP1',	6,	'Mathieu',	'Louise',	'2002-07-12',	'298450226',	'672926575',	'339',	'V',	'0000-00-00',	'0000-00-00',	'0000-00-00'),
('26',	'SAP1',	6,	'Michel',	'Mathilde',	'2001-08-31',	'298389657',	'670787046',	'367',	'V',	'0000-00-00',	'0000-00-00',	'0000-00-00'),
('27',	'SAP1',	6,	'Clement',	'Zo?',	'2002-06-30',	'298171502',	'743636301',	'823',	'V',	'0000-00-00',	'0000-00-00',	'0000-00-00'),
('28',	'SAP1',	7,	'Garcia',	'Maelys',	'2002-12-12',	'298349479',	'770187749',	'469',	'V',	'0000-00-00',	'0000-00-00',	'0000-00-00'),
('29',	'SAP1',	7,	'Gauthier',	'Cl?mence',	'2001-01-31',	'298379941',	'767272290',	'535',	'V',	'0000-00-00',	'0000-00-00',	'0000-00-00'),
('3',	'SAP1',	2,	'Garnier',	'Ana?s',	'2002-06-30',	'298291614',	'714189843',	'393',	'V',	'0000-00-00',	'0000-00-00',	'0000-00-00'),
('30',	'SAP1',	7,	'David',	'?milie',	'2002-04-30',	'298763447',	'644656174',	'802',	'V',	'0000-00-00',	'0000-00-00',	'0000-00-00'),
('31',	'SAP1',	7,	'Dumont',	'Louna',	'2002-09-12',	'298164411',	'743971704',	'593',	'V',	'0000-00-00',	'0000-00-00',	'0000-00-00'),
('32',	'SAP1',	7,	'Bertrand',	'Justine',	'2001-08-07',	'298818589',	'628926207',	'193',	'V',	'0000-00-00',	'0000-00-00',	'0000-00-00'),
('33',	'SAP1',	8,	'Lopez',	'?lisa',	'2002-06-02',	'298268938',	'747986804',	'192',	'V',	'0000-00-00',	'0000-00-00',	'0000-00-00'),
('34',	'SAP1',	8,	'Roux',	'C?lia',	'2002-07-09',	'298807074',	'615343338',	'883',	'V',	'0000-00-00',	'0000-00-00',	'0000-00-00'),
('35',	'SAP1',	8,	'Fontaine',	'Pauline',	'1999-08-11',	'298201988',	'705388631',	'311',	'V',	'0000-00-00',	'0000-00-00',	'0000-00-00'),
('36',	'SAP1',	8,	'Vincent',	'Ma?va',	'1999-06-30',	'298467546',	'783320143',	'629',	'V',	'0000-00-00',	'0000-00-00',	'0000-00-00'),
('37',	'SAP1',	8,	'Chevalier',	'Alice',	'1999-07-12',	'298764763',	'617620699',	'376',	'V',	'0000-00-00',	'0000-00-00',	'0000-00-00'),
('38',	'SAP1',	9,	'Fournier',	'No?mie',	'1998-08-31',	'298568721',	'687516614',	'241',	'V',	'0000-00-00',	'0000-00-00',	'0000-00-00'),
('39',	'SAP1',	9,	'Robin',	'Charlotte',	'1998-06-30',	'298978757',	'763504907',	'994',	'V',	'0000-00-00',	'0000-00-00',	'0000-00-00'),
('4',	'SAP1',	2,	'Dubois',	'Eva',	'2002-12-12',	'298768991',	'674392820',	'845',	'V',	'0000-00-00',	'0000-00-00',	'0000-00-00'),
('40',	'SAP1',	9,	'Morel',	'Laura',	'1998-12-12',	'298462602',	'716194499',	'295',	'V',	'0000-00-00',	'0000-00-00',	'0000-00-00'),
('41',	'SAP1',	9,	'Masson',	'Lou',	'1997-01-31',	'298242888',	'749076796',	'943',	'V',	'0000-00-00',	'0000-00-00',	'0000-00-00'),
('42',	'SAP1',	9,	'Girard',	'Lina',	'2003-04-30',	'298791383',	'712794666',	'173',	'V',	'0000-00-00',	'0000-00-00',	'0000-00-00'),
('43',	'SAP1',	10,	'Sanchez',	'Jeanne',	'1994-09-12',	'298895310',	'766582436',	'839',	'V',	'0000-00-00',	'0000-00-00',	'0000-00-00'),
('44',	'SAP1',	10,	'Andre',	'M?lissa',	'1988-08-07',	'298997815',	'727997362',	'908',	'V',	'0000-00-00',	'0000-00-00',	'0000-00-00'),
('45',	'SAP1',	10,	'Gerard',	'Lily',	'2011-06-02',	'298867866',	'768395050',	'482',	'V',	'0000-00-00',	'0000-00-00',	'0000-00-00'),
('46',	'SAP1',	10,	'Lefevre',	'Lana',	'2013-01-02',	'298102549',	'661904367',	'407',	'V',	'0000-00-00',	'0000-00-00',	'0000-00-00'),
('47',	'SAP1',	10,	'Nguyen',	'Lena',	'2012-08-11',	'298691168',	'614857089',	'487',	'V',	'0000-00-00',	'0000-00-00',	'0000-00-00'),
('48',	'SAP1',	11,	'Mercier',	'Solene',	'2002-06-30',	'298997968',	'728601334',	'880',	'V',	'0000-00-00',	'0000-00-00',	'0000-00-00'),
('49',	'SAP1',	11,	'Boyer',	'Marion',	'2002-07-12',	'298155707',	'724352788',	'716',	'V',	'0000-00-00',	'0000-00-00',	'0000-00-00'),
('5',	'SAP1',	2,	'Faure',	'Lola',	'2001-01-31',	'298013866',	'765197461',	'452',	'V',	'0000-00-00',	'0000-00-00',	'0000-00-00'),
('50',	'SAP1',	11,	'Dupont',	'Anna',	'2001-08-31',	'298149808',	'616873291',	'339',	'V',	'0000-00-00',	'0000-00-00',	'0000-00-00'),
('51',	'SAP1',	11,	'Lambert',	'L?onie',	'2002-06-30',	'298367189',	'665451030',	'110',	'V',	'0000-00-00',	'0000-00-00',	'0000-00-00'),
('52',	'SAP1',	11,	'Lemaire',	'M?lanie',	'2002-12-12',	'298304429',	'623727776',	'618',	'V',	'0000-00-00',	'0000-00-00',	'0000-00-00'),
('53',	'SAP1',	12,	'Bonnet',	'Nina',	'2001-01-31',	'298386300',	'602789944',	'467',	'V',	'0000-00-00',	'0000-00-00',	'0000-00-00'),
('54',	'SAP1',	12,	'Duval',	'Margot',	'2002-04-30',	'298208105',	'602353012',	'143',	'V',	'0000-00-00',	'0000-00-00',	'0000-00-00'),
('55',	'SAP1',	12,	'Francois',	'Ma?lle',	'2002-09-12',	'298106627',	'775926225',	'901',	'V',	'0000-00-00',	'0000-00-00',	'0000-00-00'),
('56',	'SAP1',	12,	'Joly',	'Alexia',	'2001-08-07',	'298532092',	'796436158',	'280',	'V',	'0000-00-00',	'0000-00-00',	'0000-00-00'),
('57',	'SAP1',	12,	'Martinez',	'Alicia',	'2002-06-02',	'298874157',	'734669858',	'346',	'V',	'0000-00-00',	'0000-00-00',	'0000-00-00'),
('58',	'SAP1',	13,	'Roger',	'Marine',	'2002-07-09',	'298304326',	'734263626',	'925',	'V',	'0000-00-00',	'0000-00-00',	'0000-00-00'),
('59',	'SAP1',	13,	'Bourgeois',	'Valentine',	'1999-08-11',	'298172079',	'765405212',	'585',	'V',	'0000-00-00',	'0000-00-00',	'0000-00-00'),
('6',	'SAP1',	2,	'Thomas',	'Marie',	'2002-04-30',	'298161014',	'768482823',	'437',	'V',	'0000-00-00',	'0000-00-00',	'0000-00-00'),
('60',	'SAP1',	13,	'Roche',	'Candice',	'1999-06-30',	'298857355',	'795366907',	'661',	'V',	'0000-00-00',	'0000-00-00',	'0000-00-00'),
('61',	'SAP1',	13,	'Renaud',	'Loane',	'1999-07-12',	'298123604',	'668804884',	'955',	'V',	'0000-00-00',	'0000-00-00',	'0000-00-00'),
('62',	'SAP1',	13,	'Roy',	'Margaux',	'1998-08-31',	'298135238',	'729690848',	'162',	'V',	'0000-00-00',	'0000-00-00',	'0000-00-00'),
('63',	'SAP1',	14,	'Lemoine',	'?lo?se',	'1998-06-30',	'298710844',	'606951008',	'174',	'V',	'0000-00-00',	'0000-00-00',	'0000-00-00'),
('64',	'SAP1',	14,	'Noel',	'?l?na',	'1998-12-12',	'298119363',	'648572167',	'185',	'V',	'0000-00-00',	'0000-00-00',	'0000-00-00'),
('65',	'SAP1',	14,	'Picard',	'Fanny',	'1997-01-31',	'298167868',	'669897663',	'977',	'V',	'0000-00-00',	'0000-00-00',	'0000-00-00'),
('66',	'SAP1',	14,	'Meyer',	'Julia',	'2003-04-30',	'298058349',	'776316129',	'961',	'V',	'0000-00-00',	'0000-00-00',	'0000-00-00'),
('67',	'SAP1',	14,	'Gaillard',	'Amandine',	'1994-09-12',	'298258351',	'751147707',	'667',	'V',	'0000-00-00',	'0000-00-00',	'0000-00-00'),
('68',	'SAP1',	15,	'Lucas',	'Clo?',	'1988-08-07',	'298532639',	'612013097',	'371',	'V',	'0000-00-00',	'0000-00-00',	'0000-00-00'),
('69',	'SAP1',	15,	'Philippe',	'Elsa',	'2011-06-02',	'298449934',	'646428912',	'215',	'V',	'0000-00-00',	'0000-00-00',	'0000-00-00'),
('7',	'SAP1',	2,	'Rousseau',	'L?a',	'2002-09-12',	'298475081',	'679226315',	'791',	'V',	'0000-00-00',	'0000-00-00',	'0000-00-00'),
('70',	'SAP1',	15,	'Meunier',	'Carla',	'2013-01-02',	'298988993',	'617900062',	'194',	'V',	'0000-00-00',	'0000-00-00',	'0000-00-00'),
('71',	'SAP1',	15,	'Leclercq',	'L?ane',	'2012-08-11',	'298612418',	'642621045',	'504',	'V',	'0000-00-00',	'0000-00-00',	'0000-00-00'),
('72',	'SAP1',	15,	'Jean',	'Capucine',	'2002-06-30',	'298563098',	'669668658',	'188',	'V',	'0000-00-00',	'0000-00-00',	'0000-00-00'),
('73',	'SAP1',	16,	'Lacroix',	'Yasmine',	'2002-07-12',	'298632417',	'611837567',	'219',	'V',	'0000-00-00',	'0000-00-00',	'0000-00-00'),
('74',	'SAP1',	16,	'Perez',	'Angelina',	'2001-08-31',	'298715686',	'635710208',	'437',	'V',	'0000-00-00',	'0000-00-00',	'0000-00-00'),
('75',	'SAP1',	16,	'Fabre',	'Am?lie',	'2002-06-30',	'298810720',	'669283945',	'752',	'V',	'0000-00-00',	'0000-00-00',	'0000-00-00'),
('76',	'SAP1',	16,	'Marchand',	'?lise',	'2002-12-12',	'298785385',	'680953827',	'645',	'V',	'0000-00-00',	'0000-00-00',	'0000-00-00'),
('77',	'SAP1',	16,	'Dupuis',	'Salom?',	'2001-01-31',	'298742231',	'732624223',	'426',	'V',	'0000-00-00',	'0000-00-00',	'0000-00-00'),
('78',	'SAP1',	17,	'Dufour',	'Sara',	'2002-04-30',	'298372426',	'639152221',	'480',	'V',	'0000-00-00',	'0000-00-00',	'0000-00-00'),
('79',	'SAP1',	17,	'Olivier',	'Jasmine',	'2002-09-12',	'298673939',	'729139157',	'689',	'V',	'0000-00-00',	'0000-00-00',	'0000-00-00'),
('8',	'SAP1',	3,	'Robert',	'Chlo?',	'2001-08-07',	'298099337',	'770497019',	'867',	'V',	'0000-00-00',	'0000-00-00',	'0000-00-00'),
('80',	'SAP1',	17,	'Blanchard',	'Ma?l?',	'2001-08-07',	'298802479',	'726937818',	'769',	'V',	'0000-00-00',	'0000-00-00',	'0000-00-00'),
('81',	'SAP1',	17,	'Rodriguez',	'Lauriane',	'2002-06-02',	'298907852',	'649421497',	'961',	'V',	'0000-00-00',	'0000-00-00',	'0000-00-00'),
('82',	'SAP1',	17,	'Marie',	'Katell',	'2002-07-09',	'298357251',	'762041224',	'374',	'V',	'0000-00-00',	'0000-00-00',	'0000-00-00'),
('83',	'SAP1',	18,	'Da silva',	'Rosalie',	'1999-08-11',	'298455103',	'688524775',	'428',	'V',	'0000-00-00',	'0000-00-00',	'0000-00-00'),
('84',	'SAP1',	18,	'Barbier',	'Guillemette',	'1999-06-30',	'298587711',	'631662095',	'588',	'V',	'0000-00-00',	'0000-00-00',	'0000-00-00'),
('85',	'SAP1',	18,	'Hubert',	'Catherine',	'1999-07-12',	'298963179',	'793806196',	'900',	'V',	'0000-00-00',	'0000-00-00',	'0000-00-00'),
('86',	'SAP1',	18,	'Brun',	'Lamia',	'1998-08-31',	'298688136',	'750883305',	'364',	'V',	'0000-00-00',	'0000-00-00',	'0000-00-00'),
('87',	'SAP1',	18,	'Louis',	'Edwige',	'1998-06-30',	'298294673',	'699329579',	'961',	'V',	'0000-00-00',	'0000-00-00',	'0000-00-00'),
('88',	'SAP1',	19,	'Dumas',	'Tatiana',	'1998-12-12',	'298656949',	'773814878',	'237',	'V',	'0000-00-00',	'0000-00-00',	'0000-00-00'),
('89',	'SAP1',	19,	'Charles',	'Clotilde',	'1997-01-31',	'298079291',	'708602827',	'819',	'V',	'0000-00-00',	'0000-00-00',	'0000-00-00'),
('9',	'SAP1',	3,	'Blanc',	'Clara',	'2002-06-02',	'298467730',	'670608920',	'461',	'V',	'0000-00-00',	'0000-00-00',	'0000-00-00'),
('90',	'SAP1',	19,	'Brunet',	'Fran?oise',	'2003-04-30',	'298733777',	'669098642',	'490',	'V',	'0000-00-00',	'0000-00-00',	'0000-00-00'),
('91',	'SAP1',	19,	'Guillot',	'Y?na',	'1994-09-12',	'298477763',	'650669227',	'712',	'V',	'0000-00-00',	'0000-00-00',	'0000-00-00'),
('92',	'SAP1',	19,	'Schmitt',	'Lut?cia',	'1988-08-07',	'298434854',	'722119469',	'541',	'V',	'0000-00-00',	'0000-00-00',	'0000-00-00'),
('93',	'SAP1',	20,	'Riviere',	'Alexandra',	'2011-06-02',	'298740289',	'613140215',	'940',	'V',	'0000-00-00',	'0000-00-00',	'0000-00-00'),
('94',	'SAP1',	20,	'Leroux',	'Syrine',	'2013-01-02',	'298104912',	'730682474',	'182',	'V',	'0000-00-00',	'0000-00-00',	'0000-00-00'),
('95',	'SAP1',	20,	'Le gall',	'Nathalie',	'2012-08-11',	'298648085',	'723318413',	'154',	'V',	'0000-00-00',	'0000-00-00',	'0000-00-00'),
('96',	'SAP1',	20,	'Colin',	'Rose',	'2002-06-30',	'298537679',	'660945696',	'833',	'V',	'0000-00-00',	'0000-00-00',	'0000-00-00'),
('97',	'SAP1',	20,	'Guillaume',	'H?l?ne',	'2002-07-12',	'298832041',	'719880454',	'380',	'V',	'0000-00-00',	'0000-00-00',	'0000-00-00'),
('98',	'SAP1',	21,	'Fernandez',	'Claudie',	'2001-08-31',	'298789525',	'651270392',	'262',	'V',	'0000-00-00',	'0000-00-00',	'0000-00-00'),
('99',	'SAP1',	21,	'Adam',	'Val?rie',	'2002-06-30',	'298942770',	'667128610',	'751',	'V',	'0000-00-00',	'0000-00-00',	'0000-00-00')
ON DUPLICATE KEY UPDATE `SP_MATRICULE` = VALUES(`SP_MATRICULE`), `GRA_ID` = VALUES(`GRA_ID`), `CIS_ID` = VALUES(`CIS_ID`), `SP_NOM` = VALUES(`SP_NOM`), `SP_PRENOM` = VALUES(`SP_PRENOM`), `SP_DTE_NAISSANCE` = VALUES(`SP_DTE_NAISSANCE`), `SP_TEL_FIXE` = VALUES(`SP_TEL_FIXE`), `SP_TEL_PORTABLE` = VALUES(`SP_TEL_PORTABLE`), `SP_BIP` = VALUES(`SP_BIP`), `SP_STATUT` = VALUES(`SP_STATUT`), `SP_DTE_MAJ` = VALUES(`SP_DTE_MAJ`), `DATE_PROMOTION` = VALUES(`DATE_PROMOTION`), `DATE_AFFECTATION` = VALUES(`DATE_AFFECTATION`);

DROP TABLE IF EXISTS `VALIDE`;
CREATE TABLE `VALIDE` (
  `SP_MATRICULE` varchar(7) NOT NULL,
  `FOR_ID` varchar(32) NOT NULL,
  PRIMARY KEY (`SP_MATRICULE`,`FOR_ID`),
  KEY `I_FK_VALIDE_POMPIER` (`SP_MATRICULE`),
  KEY `I_FK_VALIDE_FORMATION` (`FOR_ID`),
  CONSTRAINT `FK_VALIDE_FORMATION` FOREIGN KEY (`FOR_ID`) REFERENCES `FORMATION` (`FOR_ID`),
  CONSTRAINT `FK_VALIDE_POMPIER` FOREIGN KEY (`SP_MATRICULE`) REFERENCES `POMPIER` (`SP_MATRICULE`)
) ENGINE=InnoDB DEFAULT CHARSET=utf8;

INSERT INTO `VALIDE` (`SP_MATRICULE`, `FOR_ID`) VALUES
('80',	'UV4.4'),
('97',	'UV5.1'),
('98',	'UV2.1')
ON DUPLICATE KEY UPDATE `SP_MATRICULE` = VALUES(`SP_MATRICULE`), `FOR_ID` = VALUES(`FOR_ID`);

-- 2018-05-20 11:49:21
